{"cameraMode":{"drawMode":0,"name":"Shaded","section":"Shading Mode"},"sceneLighting":true,"audioPlay":false,"sceneViewState":{"m_AlwaysRefresh":false,"showFog":true,"showSkybox":true,"showFlares":true,"showImageEffects":true,"showParticleSystems":true,"showVisualEffectGraphs":true,"m_FxEnabled":true},"in2DMode":false,"pivot":{"x":16.412734985351564,"y":-1.0212165117263795,"z":7.67913818359375},"rotation":{"x":-0.04375181347131729,"y":-0.46740710735321047,"z":0.023122087121009828,"w":-0.8828043341636658},"size":8.949311256408692,"orthographic":false}