{"cameraMode":{"drawMode":0,"name":"Shaded","section":"Shading Mode"},"sceneLighting":true,"audioPlay":false,"sceneViewState":{"m_AlwaysRefresh":false,"showFog":true,"showSkybox":true,"showFlares":true,"showImageEffects":true,"showParticleSystems":true,"showVisualEffectGraphs":true,"m_FxEnabled":true},"in2DMode":false,"pivot":{"x":2.896994113922119,"y":-0.2203645408153534,"z":-0.9589889049530029},"rotation":{"x":-0.11755883693695069,"y":-0.13442538678646089,"z":0.015523695386946202,"w":-0.9841885566711426},"size":0.8660253882408142,"orthographic":false}